[
  {
    "model": "admin.logentry",
    "pk": 1,
    "fields": {
      "action_time": "2023-07-31T17:27:22.381Z",
      "user": 1,
      "content_type": 11,
      "object_id": "1",
      "object_repr": "Software Development",
      "action_flag": 1,
      "change_message": "[{\"added\": {}}]"
    }
  },
  {
    "model": "admin.logentry",
    "pk": 2,
    "fields": {
      "action_time": "2023-07-31T17:27:24.953Z",
      "user": 1,
      "content_type": 11,
      "object_id": "2",
      "object_repr": "Web Development",
      "action_flag": 1,
      "change_message": "[{\"added\": {}}]"
    }
  },
  {
    "model": "admin.logentry",
    "pk": 3,
    "fields": {
      "action_time": "2023-07-31T17:27:27.144Z",
      "user": 1,
      "content_type": 11,
      "object_id": "3",
      "object_repr": "Technology Installation",
      "action_flag": 1,
      "change_message": "[{\"added\": {}}]"
    }
  },
  {
    "model": "admin.logentry",
    "pk": 4,
    "fields": {
      "action_time": "2023-07-31T17:27:29.464Z",
      "user": 1,
      "content_type": 11,
      "object_id": "4",
      "object_repr": "Cloud Computing",
      "action_flag": 1,
      "change_message": "[{\"added\": {}}]"
    }
  },
  {
    "model": "admin.logentry",
    "pk": 5,
    "fields": {
      "action_time": "2023-07-31T17:27:32.300Z",
      "user": 1,
      "content_type": 11,
      "object_id": "5",
      "object_repr": "Maintenance and Support",
      "action_flag": 1,
      "change_message": "[{\"added\": {}}]"
    }
  },
  {
    "model": "admin.logentry",
    "pk": 6,
    "fields": {
      "action_time": "2023-07-31T17:27:34.519Z",
      "user": 1,
      "content_type": 11,
      "object_id": "6",
      "object_repr": "Communication",
      "action_flag": 1,
      "change_message": "[{\"added\": {}}]"
    }
  },
  {
    "model": "admin.logentry",
    "pk": 7,
    "fields": {
      "action_time": "2023-07-31T17:29:22.129Z",
      "user": 1,
      "content_type": 11,
      "object_id": "7",
      "object_repr": "Education",
      "action_flag": 1,
      "change_message": "[{\"added\": {}}]"
    }
  },
  {
    "model": "admin.logentry",
    "pk": 8,
    "fields": {
      "action_time": "2023-07-31T17:29:27.781Z",
      "user": 1,
      "content_type": 11,
      "object_id": "8",
      "object_repr": "Cybersecurity",
      "action_flag": 1,
      "change_message": "[{\"added\": {}}]"
    }
  },
  {
    "model": "admin.logentry",
    "pk": 9,
    "fields": {
      "action_time": "2023-08-06T14:00:39.712Z",
      "user": 1,
      "content_type": 3,
      "object_id": "1",
      "object_repr": "Managers",
      "action_flag": 1,
      "change_message": "[{\"added\": {}}]"
    }
  },
  {
    "model": "admin.logentry",
    "pk": 10,
    "fields": {
      "action_time": "2023-08-06T14:01:02.053Z",
      "user": 1,
      "content_type": 6,
      "object_id": "2",
      "object_repr": "Mya Roberts",
      "action_flag": 2,
      "change_message": "[{\"changed\": {\"fields\": [\"Groups\"]}}]"
    }
  },
  {
    "model": "admin.logentry",
    "pk": 11,
    "fields": {
      "action_time": "2023-08-06T14:01:23.293Z",
      "user": 1,
      "content_type": 3,
      "object_id": "2",
      "object_repr": "Members",
      "action_flag": 1,
      "change_message": "[{\"added\": {}}]"
    }
  },
  {
    "model": "admin.logentry",
    "pk": 12,
    "fields": {
      "action_time": "2023-08-06T14:01:43.079Z",
      "user": 1,
      "content_type": 6,
      "object_id": "17",
      "object_repr": "Carmen Herrera",
      "action_flag": 2,
      "change_message": "[{\"changed\": {\"fields\": [\"Groups\"]}}]"
    }
  },
  {
    "model": "admin.logentry",
    "pk": 13,
    "fields": {
      "action_time": "2023-08-06T14:01:58.170Z",
      "user": 1,
      "content_type": 6,
      "object_id": "16",
      "object_repr": "Tomas Frank",
      "action_flag": 2,
      "change_message": "[{\"changed\": {\"fields\": [\"Groups\"]}}]"
    }
  },
  {
    "model": "admin.logentry",
    "pk": 14,
    "fields": {
      "action_time": "2023-08-06T14:02:03.814Z",
      "user": 1,
      "content_type": 6,
      "object_id": "15",
      "object_repr": "Noel Alexander",
      "action_flag": 2,
      "change_message": "[{\"changed\": {\"fields\": [\"Groups\"]}}]"
    }
  },
  {
    "model": "admin.logentry",
    "pk": 15,
    "fields": {
      "action_time": "2023-08-06T14:02:09.806Z",
      "user": 1,
      "content_type": 6,
      "object_id": "14",
      "object_repr": "Lilia Vance",
      "action_flag": 2,
      "change_message": "[{\"changed\": {\"fields\": [\"Groups\"]}}]"
    }
  },
  {
    "model": "admin.logentry",
    "pk": 16,
    "fields": {
      "action_time": "2023-08-06T14:02:15.979Z",
      "user": 1,
      "content_type": 6,
      "object_id": "13",
      "object_repr": "Miranda Carter",
      "action_flag": 2,
      "change_message": "[{\"changed\": {\"fields\": [\"Groups\"]}}]"
    }
  },
  {
    "model": "admin.logentry",
    "pk": 17,
    "fields": {
      "action_time": "2023-08-06T14:02:20.494Z",
      "user": 1,
      "content_type": 6,
      "object_id": "5",
      "object_repr": "Alfred Miller",
      "action_flag": 2,
      "change_message": "[{\"changed\": {\"fields\": [\"Groups\"]}}]"
    }
  },
  {
    "model": "admin.logentry",
    "pk": 18,
    "fields": {
      "action_time": "2023-08-08T10:43:29.708Z",
      "user": 1,
      "content_type": 13,
      "object_id": "1",
      "object_repr": "Equipment",
      "action_flag": 1,
      "change_message": "[{\"added\": {}}]"
    }
  },
  {
    "model": "admin.logentry",
    "pk": 19,
    "fields": {
      "action_time": "2023-08-08T10:43:37.563Z",
      "user": 1,
      "content_type": 13,
      "object_id": "2",
      "object_repr": "IT Support",
      "action_flag": 1,
      "change_message": "[{\"added\": {}}]"
    }
  },
  {
    "model": "admin.logentry",
    "pk": 20,
    "fields": {
      "action_time": "2023-08-08T10:43:45.634Z",
      "user": 1,
      "content_type": 13,
      "object_id": "3",
      "object_repr": "Training and Development",
      "action_flag": 1,
      "change_message": "[{\"added\": {}}]"
    }
  },
  {
    "model": "admin.logentry",
    "pk": 21,
    "fields": {
      "action_time": "2023-08-08T10:43:52.862Z",
      "user": 1,
      "content_type": 13,
      "object_id": "4",
      "object_repr": "Expense Reimbursement",
      "action_flag": 1,
      "change_message": "[{\"added\": {}}]"
    }
  },
  {
    "model": "admin.logentry",
    "pk": 22,
    "fields": {
      "action_time": "2023-08-08T10:44:16.821Z",
      "user": 1,
      "content_type": 13,
      "object_id": "5",
      "object_repr": "Business Travel",
      "action_flag": 1,
      "change_message": "[{\"added\": {}}]"
    }
  },
  {
    "model": "admin.logentry",
    "pk": 23,
    "fields": {
      "action_time": "2023-08-08T10:44:24.772Z",
      "user": 1,
      "content_type": 13,
      "object_id": "6",
      "object_repr": "Overtime",
      "action_flag": 1,
      "change_message": "[{\"added\": {}}]"
    }
  },
  {
    "model": "admin.logentry",
    "pk": 24,
    "fields": {
      "action_time": "2023-08-08T10:44:32.433Z",
      "user": 1,
      "content_type": 13,
      "object_id": "7",
      "object_repr": "Remote Work",
      "action_flag": 1,
      "change_message": "[{\"added\": {}}]"
    }
  },
  {
    "model": "admin.logentry",
    "pk": 25,
    "fields": {
      "action_time": "2023-08-08T10:44:42.709Z",
      "user": 1,
      "content_type": 13,
      "object_id": "8",
      "object_repr": "Parking",
      "action_flag": 1,
      "change_message": "[{\"added\": {}}]"
    }
  },
  {
    "model": "admin.logentry",
    "pk": 26,
    "fields": {
      "action_time": "2023-08-08T10:44:53.510Z",
      "user": 1,
      "content_type": 13,
      "object_id": "9",
      "object_repr": "Meeting Room",
      "action_flag": 1,
      "change_message": "[{\"added\": {}}]"
    }
  },
  {
    "model": "admin.logentry",
    "pk": 27,
    "fields": {
      "action_time": "2023-08-08T10:45:07.470Z",
      "user": 1,
      "content_type": 13,
      "object_id": "10",
      "object_repr": "Leave of Absence",
      "action_flag": 1,
      "change_message": "[{\"added\": {}}]"
    }
  },
  {
    "model": "admin.logentry",
    "pk": 28,
    "fields": {
      "action_time": "2023-08-08T10:45:28.594Z",
      "user": 1,
      "content_type": 13,
      "object_id": "11",
      "object_repr": "Safety and Facility",
      "action_flag": 1,
      "change_message": "[{\"added\": {}}]"
    }
  },
  {
    "model": "admin.logentry",
    "pk": 29,
    "fields": {
      "action_time": "2023-08-08T10:45:33.771Z",
      "user": 1,
      "content_type": 13,
      "object_id": "12",
      "object_repr": "Policy Clarification",
      "action_flag": 1,
      "change_message": "[{\"added\": {}}]"
    }
  },
  {
    "model": "admin.logentry",
    "pk": 30,
    "fields": {
      "action_time": "2023-08-08T10:45:38.793Z",
      "user": 1,
      "content_type": 13,
      "object_id": "13",
      "object_repr": "HR-related",
      "action_flag": 1,
      "change_message": "[{\"added\": {}}]"
    }
  },
  {
    "model": "admin.logentry",
    "pk": 31,
    "fields": {
      "action_time": "2023-08-08T10:47:46.351Z",
      "user": 1,
      "content_type": 13,
      "object_id": "14",
      "object_repr": "Emergency Leave",
      "action_flag": 1,
      "change_message": "[{\"added\": {}}]"
    }
  },
  {
    "model": "admin.logentry",
    "pk": 32,
    "fields": {
      "action_time": "2023-08-09T18:32:53.368Z",
      "user": 1,
      "content_type": 3,
      "object_id": "2",
      "object_repr": "Members",
      "action_flag": 2,
      "change_message": "[{\"changed\": {\"fields\": [\"Permissions\"]}}]"
    }
  },
  {
    "model": "admin.logentry",
    "pk": 33,
    "fields": {
      "action_time": "2023-08-09T18:34:23.821Z",
      "user": 1,
      "content_type": 3,
      "object_id": "2",
      "object_repr": "Members",
      "action_flag": 2,
      "change_message": "[{\"changed\": {\"fields\": [\"Permissions\"]}}]"
    }
  },
  {
    "model": "admin.logentry",
    "pk": 34,
    "fields": {
      "action_time": "2023-08-14T15:34:00.560Z",
      "user": 1,
      "content_type": 15,
      "object_id": "1",
      "object_repr": "Time Off",
      "action_flag": 1,
      "change_message": "[{\"added\": {}}]"
    }
  },
  {
    "model": "admin.logentry",
    "pk": 35,
    "fields": {
      "action_time": "2023-08-14T15:34:21.056Z",
      "user": 1,
      "content_type": 15,
      "object_id": "2",
      "object_repr": "Training and Development",
      "action_flag": 1,
      "change_message": "[{\"added\": {}}]"
    }
  },
  {
    "model": "admin.logentry",
    "pk": 36,
    "fields": {
      "action_time": "2023-08-14T15:34:32.368Z",
      "user": 1,
      "content_type": 15,
      "object_id": "3",
      "object_repr": "Equipment and Resources",
      "action_flag": 1,
      "change_message": "[{\"added\": {}}]"
    }
  },
  {
    "model": "admin.logentry",
    "pk": 37,
    "fields": {
      "action_time": "2023-08-14T15:34:38.612Z",
      "user": 1,
      "content_type": 15,
      "object_id": "4",
      "object_repr": "Accommodation",
      "action_flag": 1,
      "change_message": "[{\"added\": {}}]"
    }
  },
  {
    "model": "admin.logentry",
    "pk": 38,
    "fields": {
      "action_time": "2023-08-14T15:35:00.815Z",
      "user": 1,
      "content_type": 15,
      "object_id": "5",
      "object_repr": "Leave of Absence",
      "action_flag": 1,
      "change_message": "[{\"added\": {}}]"
    }
  },
  {
    "model": "admin.logentry",
    "pk": 39,
    "fields": {
      "action_time": "2023-08-14T15:35:14.085Z",
      "user": 1,
      "content_type": 15,
      "object_id": "6",
      "object_repr": "Complaints or Grievance",
      "action_flag": 1,
      "change_message": "[{\"added\": {}}]"
    }
  },
  {
    "model": "admin.logentry",
    "pk": 40,
    "fields": {
      "action_time": "2023-08-14T15:35:35.288Z",
      "user": 1,
      "content_type": 15,
      "object_id": "7",
      "object_repr": "Wellness and Health-related",
      "action_flag": 1,
      "change_message": "[{\"added\": {}}]"
    }
  },
  {
    "model": "auth.permission",
    "pk": 1,
    "fields": {
      "name": "Can add log entry",
      "content_type": 1,
      "codename": "add_logentry"
    }
  },
  {
    "model": "auth.permission",
    "pk": 2,
    "fields": {
      "name": "Can change log entry",
      "content_type": 1,
      "codename": "change_logentry"
    }
  },
  {
    "model": "auth.permission",
    "pk": 3,
    "fields": {
      "name": "Can delete log entry",
      "content_type": 1,
      "codename": "delete_logentry"
    }
  },
  {
    "model": "auth.permission",
    "pk": 4,
    "fields": {
      "name": "Can view log entry",
      "content_type": 1,
      "codename": "view_logentry"
    }
  },
  {
    "model": "auth.permission",
    "pk": 5,
    "fields": {
      "name": "Can add permission",
      "content_type": 2,
      "codename": "add_permission"
    }
  },
  {
    "model": "auth.permission",
    "pk": 6,
    "fields": {
      "name": "Can change permission",
      "content_type": 2,
      "codename": "change_permission"
    }
  },
  {
    "model": "auth.permission",
    "pk": 7,
    "fields": {
      "name": "Can delete permission",
      "content_type": 2,
      "codename": "delete_permission"
    }
  },
  {
    "model": "auth.permission",
    "pk": 8,
    "fields": {
      "name": "Can view permission",
      "content_type": 2,
      "codename": "view_permission"
    }
  },
  {
    "model": "auth.permission",
    "pk": 9,
    "fields": {
      "name": "Can add group",
      "content_type": 3,
      "codename": "add_group"
    }
  },
  {
    "model": "auth.permission",
    "pk": 10,
    "fields": {
      "name": "Can change group",
      "content_type": 3,
      "codename": "change_group"
    }
  },
  {
    "model": "auth.permission",
    "pk": 11,
    "fields": {
      "name": "Can delete group",
      "content_type": 3,
      "codename": "delete_group"
    }
  },
  {
    "model": "auth.permission",
    "pk": 12,
    "fields": {
      "name": "Can view group",
      "content_type": 3,
      "codename": "view_group"
    }
  },
  {
    "model": "auth.permission",
    "pk": 13,
    "fields": {
      "name": "Can add content type",
      "content_type": 4,
      "codename": "add_contenttype"
    }
  },
  {
    "model": "auth.permission",
    "pk": 14,
    "fields": {
      "name": "Can change content type",
      "content_type": 4,
      "codename": "change_contenttype"
    }
  },
  {
    "model": "auth.permission",
    "pk": 15,
    "fields": {
      "name": "Can delete content type",
      "content_type": 4,
      "codename": "delete_contenttype"
    }
  },
  {
    "model": "auth.permission",
    "pk": 16,
    "fields": {
      "name": "Can view content type",
      "content_type": 4,
      "codename": "view_contenttype"
    }
  },
  {
    "model": "auth.permission",
    "pk": 17,
    "fields": {
      "name": "Can add session",
      "content_type": 5,
      "codename": "add_session"
    }
  },
  {
    "model": "auth.permission",
    "pk": 18,
    "fields": {
      "name": "Can change session",
      "content_type": 5,
      "codename": "change_session"
    }
  },
  {
    "model": "auth.permission",
    "pk": 19,
    "fields": {
      "name": "Can delete session",
      "content_type": 5,
      "codename": "delete_session"
    }
  },
  {
    "model": "auth.permission",
    "pk": 20,
    "fields": {
      "name": "Can view session",
      "content_type": 5,
      "codename": "view_session"
    }
  },
  {
    "model": "auth.permission",
    "pk": 21,
    "fields": {
      "name": "Can add user",
      "content_type": 6,
      "codename": "add_user"
    }
  },
  {
    "model": "auth.permission",
    "pk": 22,
    "fields": {
      "name": "Can change user",
      "content_type": 6,
      "codename": "change_user"
    }
  },
  {
    "model": "auth.permission",
    "pk": 23,
    "fields": {
      "name": "Can delete user",
      "content_type": 6,
      "codename": "delete_user"
    }
  },
  {
    "model": "auth.permission",
    "pk": 24,
    "fields": {
      "name": "Can view user",
      "content_type": 6,
      "codename": "view_user"
    }
  },
  {
    "model": "auth.permission",
    "pk": 25,
    "fields": {
      "name": "Can add department",
      "content_type": 7,
      "codename": "add_department"
    }
  },
  {
    "model": "auth.permission",
    "pk": 26,
    "fields": {
      "name": "Can change department",
      "content_type": 7,
      "codename": "change_department"
    }
  },
  {
    "model": "auth.permission",
    "pk": 27,
    "fields": {
      "name": "Can delete department",
      "content_type": 7,
      "codename": "delete_department"
    }
  },
  {
    "model": "auth.permission",
    "pk": 28,
    "fields": {
      "name": "Can view department",
      "content_type": 7,
      "codename": "view_department"
    }
  },
  {
    "model": "auth.permission",
    "pk": 29,
    "fields": {
      "name": "Can add job title",
      "content_type": 8,
      "codename": "add_jobtitle"
    }
  },
  {
    "model": "auth.permission",
    "pk": 30,
    "fields": {
      "name": "Can change job title",
      "content_type": 8,
      "codename": "change_jobtitle"
    }
  },
  {
    "model": "auth.permission",
    "pk": 31,
    "fields": {
      "name": "Can delete job title",
      "content_type": 8,
      "codename": "delete_jobtitle"
    }
  },
  {
    "model": "auth.permission",
    "pk": 32,
    "fields": {
      "name": "Can view job title",
      "content_type": 8,
      "codename": "view_jobtitle"
    }
  },
  {
    "model": "auth.permission",
    "pk": 33,
    "fields": {
      "name": "Can add user profile",
      "content_type": 9,
      "codename": "add_userprofile"
    }
  },
  {
    "model": "auth.permission",
    "pk": 34,
    "fields": {
      "name": "Can change user profile",
      "content_type": 9,
      "codename": "change_userprofile"
    }
  },
  {
    "model": "auth.permission",
    "pk": 35,
    "fields": {
      "name": "Can delete user profile",
      "content_type": 9,
      "codename": "delete_userprofile"
    }
  },
  {
    "model": "auth.permission",
    "pk": 36,
    "fields": {
      "name": "Can view user profile",
      "content_type": 9,
      "codename": "view_userprofile"
    }
  },
  {
    "model": "auth.permission",
    "pk": 37,
    "fields": {
      "name": "Can add project",
      "content_type": 10,
      "codename": "add_project"
    }
  },
  {
    "model": "auth.permission",
    "pk": 38,
    "fields": {
      "name": "Can change project",
      "content_type": 10,
      "codename": "change_project"
    }
  },
  {
    "model": "auth.permission",
    "pk": 39,
    "fields": {
      "name": "Can delete project",
      "content_type": 10,
      "codename": "delete_project"
    }
  },
  {
    "model": "auth.permission",
    "pk": 40,
    "fields": {
      "name": "Can view project",
      "content_type": 10,
      "codename": "view_project"
    }
  },
  {
    "model": "auth.permission",
    "pk": 41,
    "fields": {
      "name": "Can add project type",
      "content_type": 11,
      "codename": "add_projecttype"
    }
  },
  {
    "model": "auth.permission",
    "pk": 42,
    "fields": {
      "name": "Can change project type",
      "content_type": 11,
      "codename": "change_projecttype"
    }
  },
  {
    "model": "auth.permission",
    "pk": 43,
    "fields": {
      "name": "Can delete project type",
      "content_type": 11,
      "codename": "delete_projecttype"
    }
  },
  {
    "model": "auth.permission",
    "pk": 44,
    "fields": {
      "name": "Can view project type",
      "content_type": 11,
      "codename": "view_projecttype"
    }
  },
  {
    "model": "auth.permission",
    "pk": 45,
    "fields": {
      "name": "Can add task",
      "content_type": 12,
      "codename": "add_task"
    }
  },
  {
    "model": "auth.permission",
    "pk": 46,
    "fields": {
      "name": "Can change task",
      "content_type": 12,
      "codename": "change_task"
    }
  },
  {
    "model": "auth.permission",
    "pk": 47,
    "fields": {
      "name": "Can delete task",
      "content_type": 12,
      "codename": "delete_task"
    }
  },
  {
    "model": "auth.permission",
    "pk": 48,
    "fields": {
      "name": "Can view task",
      "content_type": 12,
      "codename": "view_task"
    }
  },
  {
    "model": "auth.permission",
    "pk": 49,
    "fields": {
      "name": "Can add requests type",
      "content_type": 13,
      "codename": "add_requeststype"
    }
  },
  {
    "model": "auth.permission",
    "pk": 50,
    "fields": {
      "name": "Can change requests type",
      "content_type": 13,
      "codename": "change_requeststype"
    }
  },
  {
    "model": "auth.permission",
    "pk": 51,
    "fields": {
      "name": "Can delete requests type",
      "content_type": 13,
      "codename": "delete_requeststype"
    }
  },
  {
    "model": "auth.permission",
    "pk": 52,
    "fields": {
      "name": "Can view requests type",
      "content_type": 13,
      "codename": "view_requeststype"
    }
  },
  {
    "model": "auth.permission",
    "pk": 53,
    "fields": {
      "name": "Can add request management",
      "content_type": 14,
      "codename": "add_requestmanagement"
    }
  },
  {
    "model": "auth.permission",
    "pk": 54,
    "fields": {
      "name": "Can change request management",
      "content_type": 14,
      "codename": "change_requestmanagement"
    }
  },
  {
    "model": "auth.permission",
    "pk": 55,
    "fields": {
      "name": "Can delete request management",
      "content_type": 14,
      "codename": "delete_requestmanagement"
    }
  },
  {
    "model": "auth.permission",
    "pk": 56,
    "fields": {
      "name": "Can view request management",
      "content_type": 14,
      "codename": "view_requestmanagement"
    }
  },
  {
    "model": "auth.permission",
    "pk": 65,
    "fields": {
      "name": "Can add request type",
      "content_type": 15,
      "codename": "add_requesttype"
    }
  },
  {
    "model": "auth.permission",
    "pk": 66,
    "fields": {
      "name": "Can change request type",
      "content_type": 15,
      "codename": "change_requesttype"
    }
  },
  {
    "model": "auth.permission",
    "pk": 67,
    "fields": {
      "name": "Can delete request type",
      "content_type": 15,
      "codename": "delete_requesttype"
    }
  },
  {
    "model": "auth.permission",
    "pk": 68,
    "fields": {
      "name": "Can view request type",
      "content_type": 15,
      "codename": "view_requesttype"
    }
  },
  {
    "model": "auth.permission",
    "pk": 69,
    "fields": {
      "name": "Can add request management",
      "content_type": 16,
      "codename": "add_requestmanagement"
    }
  },
  {
    "model": "auth.permission",
    "pk": 70,
    "fields": {
      "name": "Can change request management",
      "content_type": 16,
      "codename": "change_requestmanagement"
    }
  },
  {
    "model": "auth.permission",
    "pk": 71,
    "fields": {
      "name": "Can delete request management",
      "content_type": 16,
      "codename": "delete_requestmanagement"
    }
  },
  {
    "model": "auth.permission",
    "pk": 72,
    "fields": {
      "name": "Can view request management",
      "content_type": 16,
      "codename": "view_requestmanagement"
    }
  },
  {
    "model": "auth.group",
    "pk": 1,
    "fields": {
      "name": "Managers",
      "permissions": []
    }
  },
  {
    "model": "auth.group",
    "pk": 2,
    "fields": {
      "name": "Members",
      "permissions": []
    }
  },
  {
    "model": "contenttypes.contenttype",
    "pk": 1,
    "fields": {
      "app_label": "admin",
      "model": "logentry"
    }
  },
  {
    "model": "contenttypes.contenttype",
    "pk": 2,
    "fields": {
      "app_label": "auth",
      "model": "permission"
    }
  },
  {
    "model": "contenttypes.contenttype",
    "pk": 3,
    "fields": {
      "app_label": "auth",
      "model": "group"
    }
  },
  {
    "model": "contenttypes.contenttype",
    "pk": 4,
    "fields": {
      "app_label": "contenttypes",
      "model": "contenttype"
    }
  },
  {
    "model": "contenttypes.contenttype",
    "pk": 5,
    "fields": {
      "app_label": "sessions",
      "model": "session"
    }
  },
  {
    "model": "contenttypes.contenttype",
    "pk": 6,
    "fields": {
      "app_label": "userextend",
      "model": "user"
    }
  },
  {
    "model": "contenttypes.contenttype",
    "pk": 7,
    "fields": {
      "app_label": "userextend",
      "model": "department"
    }
  },
  {
    "model": "contenttypes.contenttype",
    "pk": 8,
    "fields": {
      "app_label": "userextend",
      "model": "jobtitle"
    }
  },
  {
    "model": "contenttypes.contenttype",
    "pk": 9,
    "fields": {
      "app_label": "userextend",
      "model": "userprofile"
    }
  },
  {
    "model": "contenttypes.contenttype",
    "pk": 10,
    "fields": {
      "app_label": "project",
      "model": "project"
    }
  },
  {
    "model": "contenttypes.contenttype",
    "pk": 11,
    "fields": {
      "app_label": "project",
      "model": "projecttype"
    }
  },
  {
    "model": "contenttypes.contenttype",
    "pk": 12,
    "fields": {
      "app_label": "task",
      "model": "task"
    }
  },
  {
    "model": "contenttypes.contenttype",
    "pk": 13,
    "fields": {
      "app_label": "requestsmanagement",
      "model": "requesttype"
    }
  },
  {
    "model": "contenttypes.contenttype",
    "pk": 14,
    "fields": {
      "app_label": "requestsmanagement",
      "model": "requestmanagement"
    }
  },
  {
    "model": "contenttypes.contenttype",
    "pk": 15,
    "fields": {
      "app_label": "requestmanagement",
      "model": "requesttype"
    }
  },
  {
    "model": "contenttypes.contenttype",
    "pk": 16,
    "fields": {
      "app_label": "requestmanagement",
      "model": "requestmanagement"
    }
  },
  {
    "model": "sessions.session",
    "pk": "30m1wdjky1bazo7pm3lp60q04go91h2o",
    "fields": {
      "session_data": ".eJxVjEEOwiAQRe_C2hCBAlOX7nsGMsOAVA0kpV0Z765NutDtf-_9lwi4rSVsPS1hZnERWpx-N8L4SHUHfMd6azK2ui4zyV2RB-1yapye18P9OyjYy7ceTOaYDRkEABrtkJQ9O0U6eu-MZrQuAyMYggiGVfYOCJnRZRtHSuL9AezUOKU:1qcXFo:UJWUGHfUDUSnd4Go-Js6j9Hxj44tqQQ3TckP3V6eiVA",
      "expire_date": "2023-09-16T20:30:00.877Z"
    }
  },
  {
    "model": "sessions.session",
    "pk": "6fbqtctb8fbe71g7gsqte18liu5g6h3x",
    "fields": {
      "session_data": ".eJxVjEEOgjAQRe_StWnodNqhLt17hmaYKYIaSCisjHdXEha6fe_9_zKZt3XIWy1LHtWcjfPm9As7lkeZdqN3nm6zlXlal7Gze2IPW-111vK8HO3fwcB1-K57dH1wjMTiUgyamgQIsfPFK--4bdALgdMWETBKoYBJgJRAIpF5fwDt7Dcc:1qTqiP:B6HRe5VCOfExMLFt8O5xB27yPemGmLEBlwKzkxiKQL0",
      "expire_date": "2023-08-23T21:27:37.600Z"
    }
  },
  {
    "model": "sessions.session",
    "pk": "9hruye1p1eihxwwmvynqguhv0exqenih",
    "fields": {
      "session_data": ".eJxVjEEOgjAQRe_StWnodOhQl-49QzPMFEENTSisjHdXEha6fe_9_zKJt3VMW81LmtScDZjTL-tZHnnehd55vhUrZV6Xqbd7Yg9b7bVofl6O9u9g5Dp-1wO6oXWMxOJiaDU2ERBC77NX3nHXoBcCpx0iYJBMLUYBUgIJROb9AcliNuo:1qRILb:EswncTSi6r-2I4IKqutF6KMOpXNmJHj9Vx0HbAINfis",
      "expire_date": "2023-08-16T20:21:31.621Z"
    }
  },
  {
    "model": "sessions.session",
    "pk": "f62lz6kwvheupbbne0j4yy0tg3nyc017",
    "fields": {
      "session_data": ".eJxVjEEOgjAQRe_StWnodOhQl-49QzPMFEENTSisjHdXEha6fe_9_zKJt3VMW81LmtScDZjTL-tZHnnehd55vhUrZV6Xqbd7Yg9b7bVofl6O9u9g5Dp-1wO6oXWMxOJiaDU2ERBC77NX3nHXoBcCpx0iYJBMLUYBUgIJROb9AcliNuo:1qREE7:lY3HwDkeliIZ5mXXs_25wPHhLtnsSZrUK8q5yH1Tmpk",
      "expire_date": "2023-08-16T15:57:31.598Z"
    }
  },
  {
    "model": "sessions.session",
    "pk": "fwifg5yub96y34brvi7733ush885mejc",
    "fields": {
      "session_data": ".eJxVjEEOgjAQRe_StWnodOhQl-49QzPMFEENTSisjHdXEha6fe_9_zKJt3VMW81LmtScDZjTL-tZHnnehd55vhUrZV6Xqbd7Yg9b7bVofl6O9u9g5Dp-1wO6oXWMxOJiaDU2ERBC77NX3nHXoBcCpx0iYJBMLUYBUgIJROb9AcliNuo:1qRHuA:B7BFcm4wZZqzLlAVuiqBGvKKHiFVbRbTygWDEz94kAM",
      "expire_date": "2023-08-16T19:53:10.699Z"
    }
  },
  {
    "model": "sessions.session",
    "pk": "is4zix5m3kfkmf5hfiwp6twznw5m1qs8",
    "fields": {
      "session_data": ".eJxVjEEOwiAQRe_C2hCBAlOX7nsGMsOAVA0kpV0Z765NutDtf-_9lwi4rSVsPS1hZnERWpx-N8L4SHUHfMd6azK2ui4zyV2RB-1yapye18P9OyjYy7ceTOaYDRkEABrtkJQ9O0U6eu-MZrQuAyMYggiGVfYOCJnRZRtHSuL9AezUOKU:1qbk6O:EtrxrZzuxYMrevi4IQ6QEaO0IkbOVIGz0JMCvWifRl4",
      "expire_date": "2023-09-14T16:01:00.420Z"
    }
  },
  {
    "model": "sessions.session",
    "pk": "lfv2bx0rdt2hkqp5kj3v9b933qzn1p43",
    "fields": {
      "session_data": ".eJxVjEEOgjAQRe_StWnodOhQl-49QzPMFEENTSisjHdXEha6fe_9_zKJt3VMW81LmtScDZjTL-tZHnnehd55vhUrZV6Xqbd7Yg9b7bVofl6O9u9g5Dp-1wO6oXWMxOJiaDU2ERBC77NX3nHXoBcCpx0iYJBMLUYBUgIJROb9AcliNuo:1qU8uR:gzQUYTSRQjPNLzkyKBpvvWuy0hduIG8Tqc4SH4NfJZI",
      "expire_date": "2023-08-24T16:53:15.392Z"
    }
  },
  {
    "model": "sessions.session",
    "pk": "rn20shj1jkqsdj36032wbgw5qgaraz78",
    "fields": {
      "session_data": ".eJxVjEEOgjAQRe_StWnodNqhLt17hmaYKYIaSCisjHdXEha6fe_9_zKZt3XIWy1LHtWcjfPm9As7lkeZdqN3nm6zlXlal7Gze2IPW-111vK8HO3fwcB1-K57dH1wjMTiUgyamgQIsfPFK--4bdALgdMWETBKoYBJgJRAIpF5fwDt7Dcc:1qTpxO:mmDtV7SXY8NhE4B-k9hbo6HXLzHUXABROseU6N7mxuA",
      "expire_date": "2023-08-23T20:39:02.283Z"
    }
  },
  {
    "model": "sessions.session",
    "pk": "vj108b81pmwqppu9ie6eyhkf72h0jx9s",
    "fields": {
      "session_data": ".eJxVjEEOgjAQRe_StWnodOhQl-49QzPMFEENTSisjHdXEha6fe_9_zKJt3VMW81LmtScDZjTL-tZHnnehd55vhUrZV6Xqbd7Yg9b7bVofl6O9u9g5Dp-1wO6oXWMxOJiaDU2ERBC77NX3nHXoBcCpx0iYJBMLUYBUgIJROb9AcliNuo:1qSdB8:_pN5cZgjBnUXIeQ1JaT6w4hobUJ2pl_dpdhzifhUDJ8",
      "expire_date": "2023-08-20T12:48:14.972Z"
    }
  },
  {
    "model": "userextend.department",
    "pk": 1,
    "fields": {
      "name": "IT"
    }
  },
  {
    "model": "userextend.department",
    "pk": 2,
    "fields": {
      "name": "UX/UI"
    }
  },
  {
    "model": "userextend.department",
    "pk": 3,
    "fields": {
      "name": "Business Development"
    }
  },
  {
    "model": "userextend.department",
    "pk": 4,
    "fields": {
      "name": "Marketing"
    }
  },
  {
    "model": "userextend.jobtitle",
    "pk": 1,
    "fields": {
      "title": "Intern Software Developer"
    }
  },
  {
    "model": "userextend.jobtitle",
    "pk": 2,
    "fields": {
      "title": "Junior Software Developer"
    }
  },
  {
    "model": "userextend.jobtitle",
    "pk": 3,
    "fields": {
      "title": "Software Developer"
    }
  },
  {
    "model": "userextend.jobtitle",
    "pk": 4,
    "fields": {
      "title": "Software Engineer"
    }
  },
  {
    "model": "userextend.jobtitle",
    "pk": 5,
    "fields": {
      "title": "Software Architect"
    }
  },
  {
    "model": "userextend.jobtitle",
    "pk": 6,
    "fields": {
      "title": "Project Manager"
    }
  },
  {
    "model": "userextend.jobtitle",
    "pk": 7,
    "fields": {
      "title": "Engineering Project Manager"
    }
  },
  {
    "model": "userextend.jobtitle",
    "pk": 8,
    "fields": {
      "title": "UX Designer"
    }
  },
  {
    "model": "userextend.jobtitle",
    "pk": 9,
    "fields": {
      "title": "UI Designer"
    }
  },
  {
    "model": "userextend.jobtitle",
    "pk": 10,
    "fields": {
      "title": "UX/UI Designer"
    }
  },
  {
    "model": "userextend.jobtitle",
    "pk": 11,
    "fields": {
      "title": "UX Manager"
    }
  },
  {
    "model": "userextend.jobtitle",
    "pk": 12,
    "fields": {
      "title": "UX Researcher"
    }
  },
  {
    "model": "userextend.user",
    "pk": 1,
    "fields": {
      "password": "pbkdf2_sha256$600000$VoIGmxmI2vrd9McPDBT5mt$ePqHWVodoSYojoJkFqZGdnPzqJw6X5tZhpDKOnKqi+w=",
      "last_login": "2023-08-14T15:33:42.306Z",
      "is_superuser": true,
      "username": "admin",
      "first_name": "",
      "last_name": "",
      "email": "",
      "is_staff": true,
      "is_active": true,
      "date_joined": "2023-07-30T20:07:08.753Z",
      "is_manager": false,
      "is_member": false,
      "groups": [
        2
      ],
      "user_permissions": []
    }
  },
  {
    "model": "userextend.user",
    "pk": 2,
    "fields": {
      "password": "pbkdf2_sha256$600000$21L1irIW7QOGu0FYltdqdY$XUovVdQIfzq6w3X7Lh0q9kquD/fM6LxEergCPWgAf74=",
      "last_login": "2023-09-02T20:30:00.875Z",
      "is_superuser": false,
      "username": "Mya_Roberts",
      "first_name": "Mya",
      "last_name": "Roberts",
      "email": "mya.roberts@company.com",
      "is_staff": false,
      "is_active": true,
      "date_joined": "2023-07-30T20:36:18Z",
      "is_manager": true,
      "is_member": false,
      "groups": [
        1
      ],
      "user_permissions": []
    }
  },
  {
    "model": "userextend.user",
    "pk": 5,
    "fields": {
      "password": "pbkdf2_sha256$600000$FKPeiKwulq6Wn1yUc3EcYj$q8IV9WhNLY+4vbghDrBqWPdopfMB85F2PLbgKSESwuM=",
      "last_login": "2023-08-05T15:45:02Z",
      "is_superuser": false,
      "username": "Alfred_Miller",
      "first_name": "Alfred",
      "last_name": "Miller",
      "email": "alfred.miller@company.com",
      "is_staff": false,
      "is_active": true,
      "date_joined": "2023-07-30T21:00:00Z",
      "is_manager": false,
      "is_member": true,
      "groups": [
        2
      ],
      "user_permissions": []
    }
  },
  {
    "model": "userextend.user",
    "pk": 13,
    "fields": {
      "password": "pbkdf2_sha256$600000$FKPeiKwulq6Wn1yUc3EcYj$q8IV9WhNLY+4vbghDrBqWPdopfMB85F2PLbgKSESwuM=",
      "last_login": "2023-08-14T15:29:20.644Z",
      "is_superuser": false,
      "username": "Miranda_Carter",
      "first_name": "Miranda",
      "last_name": "Carter",
      "email": "miranda.carter@company.com",
      "is_staff": false,
      "is_active": true,
      "date_joined": "2023-07-31T16:02:58Z",
      "is_manager": false,
      "is_member": true,
      "groups": [
        2
      ],
      "user_permissions": []
    }
  },
  {
    "model": "userextend.user",
    "pk": 14,
    "fields": {
      "password": "pbkdf2_sha256$600000$NV8lyEMqCUAfxPqsEOpERN$yRKhK0gGeTKk/LQft8TEhHxLjDs/OlU6ehUwZuoCE2o=",
      "last_login": null,
      "is_superuser": false,
      "username": "Lilia_Vance",
      "first_name": "Lilia",
      "last_name": "Vance",
      "email": "lilia.vance@company.com",
      "is_staff": false,
      "is_active": true,
      "date_joined": "2023-07-31T16:10:57Z",
      "is_manager": false,
      "is_member": true,
      "groups": [
        2
      ],
      "user_permissions": []
    }
  },
  {
    "model": "userextend.user",
    "pk": 15,
    "fields": {
      "password": "pbkdf2_sha256$600000$jZn2yY5QKpXqVGkz6yABO2$1T5AeofpteBTvxOgGnrciK0Wu0xCmGfvGzQan5ao+Mk=",
      "last_login": "2023-07-31T16:27:18Z",
      "is_superuser": false,
      "username": "Noel_Alexander",
      "first_name": "Noel",
      "last_name": "Alexander",
      "email": "noel.alexander@company.com",
      "is_staff": false,
      "is_active": true,
      "date_joined": "2023-07-31T16:21:51Z",
      "is_manager": true,
      "is_member": false,
      "groups": [
        1
      ],
      "user_permissions": []
    }
  },
  {
    "model": "userextend.user",
    "pk": 16,
    "fields": {
      "password": "pbkdf2_sha256$600000$BVooLUni3TIoRuxUvy7HJD$hVo/E3fVEiNVSqQ75es0c9xBrJLPuRi6uvTUBtmeh0Q=",
      "last_login": null,
      "is_superuser": false,
      "username": "Tomas_Frank",
      "first_name": "Tomas",
      "last_name": "Frank",
      "email": "tomas.franck@company.com",
      "is_staff": false,
      "is_active": true,
      "date_joined": "2023-07-31T16:27:04Z",
      "is_manager": true,
      "is_member": false,
      "groups": [
        1
      ],
      "user_permissions": []
    }
  },
  {
    "model": "userextend.user",
    "pk": 17,
    "fields": {
      "password": "pbkdf2_sha256$600000$gGcQRAUNIt7ONDsfkD7b8L$naFQlB0anGfnHbNf+/AZKWfPndYR5OpZdHn5ex75Gtc=",
      "last_login": null,
      "is_superuser": false,
      "username": "Carmen_Herrera",
      "first_name": "Carmen",
      "last_name": "Herrera",
      "email": "carmen.herrera@company.com",
      "is_staff": false,
      "is_active": true,
      "date_joined": "2023-07-31T16:32:36Z",
      "is_manager": false,
      "is_member": true,
      "groups": [
        2
      ],
      "user_permissions": []
    }
  },
  {
    "model": "userextend.userprofile",
    "pk": 1,
    "fields": {
      "user": 2,
      "birth_date": "1994-08-29",
      "gender": "female",
      "profile_picture": "profiles/Mya_Roberts_bVYcDQ4.jpg",
      "country": "United States",
      "county": "Michigan",
      "city": "Reed",
      "street": "Madison",
      "street_number": 610,
      "address": "House 17",
      "phone": "4105462314",
      "personal_email": "mya@roberts.com",
      "start_date": "2023-03-01",
      "job_title": 6,
      "department": 1,
      "job_description": "job_descriptions/job_description_n73O7Da.txt",
      "resume": "resumes/resume_gZQ6RUA.txt",
      "superior": null,
      "created_at": "2023-07-30T20:36:18.383Z",
      "updated_at": "2023-08-05T11:17:59.148Z"
    }
  },
  {
    "model": "userextend.userprofile",
    "pk": 4,
    "fields": {
      "user": 5,
      "birth_date": "1988-11-15",
      "gender": "male",
      "profile_picture": "profiles/Alfred_Miller_MdWvXAe.jpg",
      "country": "United States",
      "county": "Washington",
      "city": "Seattle",
      "street": "Fort",
      "street_number": 712,
      "address": "House 2",
      "phone": "2067864169",
      "personal_email": "alfred@miller.com",
      "start_date": "2023-06-01",
      "job_title": 3,
      "department": 1,
      "job_description": "",
      "resume": "",
      "superior": 2,
      "created_at": "2023-07-30T21:00:01.080Z",
      "updated_at": "2023-07-30T21:00:24.796Z"
    }
  },
  {
    "model": "userextend.userprofile",
    "pk": 12,
    "fields": {
      "user": 13,
      "birth_date": "1988-06-30",
      "gender": "female",
      "profile_picture": "profiles/Miranda_Carter_eylQeQz.jpg",
      "country": "United States",
      "county": "Nebraska",
      "city": "Sodtown",
      "street": "Melm",
      "street_number": 54,
      "address": "House 10",
      "phone": "4029485721",
      "personal_email": "miranda@carter.com",
      "start_date": "2023-07-03",
      "job_title": 2,
      "department": 1,
      "job_description": "job_descriptions/job_description_o7NyhpN.txt",
      "resume": "resumes/resume_sT67UPn.txt",
      "superior": 2,
      "created_at": "2023-07-31T16:02:59.136Z",
      "updated_at": "2023-07-31T16:02:59.136Z"
    }
  },
  {
    "model": "userextend.userprofile",
    "pk": 13,
    "fields": {
      "user": 14,
      "birth_date": "1996-02-29",
      "gender": "female",
      "profile_picture": "profiles/Lilia_Vance.jpg",
      "country": "United States",
      "county": "Florida",
      "city": "Orlando",
      "street": "Barnes",
      "street_number": 3946,
      "address": "House 27",
      "phone": "4077317203",
      "personal_email": "lilia@vance.com",
      "start_date": "2021-09-12",
      "job_title": 4,
      "department": 1,
      "job_description": "",
      "resume": "",
      "superior": 2,
      "created_at": "2023-07-31T16:10:57.887Z",
      "updated_at": "2023-07-31T16:10:57.887Z"
    }
  },
  {
    "model": "userextend.userprofile",
    "pk": 14,
    "fields": {
      "user": 15,
      "birth_date": "1990-08-23",
      "gender": "male",
      "profile_picture": "profiles/Noel_Alexander_hDXEP4W.jpg",
      "country": "United States",
      "county": "Rhode Island",
      "city": "Fremont",
      "street": "Rosemont Avenue",
      "street_number": 4497,
      "address": "House 6",
      "phone": "4105462314",
      "personal_email": "noel@alexander.com",
      "start_date": "2020-03-02",
      "job_title": 7,
      "department": 1,
      "job_description": "job_descriptions/job_description_kwV11nz.txt",
      "resume": "resumes/resume_4LITn0n.txt",
      "superior": null,
      "created_at": "2023-07-31T16:21:51.792Z",
      "updated_at": "2023-07-31T16:21:51.792Z"
    }
  },
  {
    "model": "userextend.userprofile",
    "pk": 15,
    "fields": {
      "user": 16,
      "birth_date": "1993-12-10",
      "gender": "male",
      "profile_picture": "profiles/Tomas_Frank.jpg",
      "country": "United States",
      "county": "Massachusetts",
      "city": "East Bridgewater",
      "street": "Norman",
      "street_number": 34,
      "address": "House 3",
      "phone": "8186695368",
      "personal_email": "tomas@frank.com",
      "start_date": "2022-05-22",
      "job_title": 11,
      "department": 2,
      "job_description": "job_descriptions/job_description_2s8mG6S.txt",
      "resume": "resumes/resume_2KCLLSB.txt",
      "superior": null,
      "created_at": "2023-07-31T16:27:04.850Z",
      "updated_at": "2023-07-31T16:27:04.850Z"
    }
  },
  {
    "model": "userextend.userprofile",
    "pk": 16,
    "fields": {
      "user": 17,
      "birth_date": "1993-04-21",
      "gender": "female",
      "profile_picture": "profiles/Carmen_Herrera.jpg",
      "country": "United States",
      "county": "California",
      "city": "Chico",
      "street": "Hill Croft Farm Road",
      "street_number": 3838,
      "address": "House 11",
      "phone": "5305184277",
      "personal_email": "carmen@herrera.com",
      "start_date": "2023-01-03",
      "job_title": 4,
      "department": 1,
      "job_description": "",
      "resume": "",
      "superior": 15,
      "created_at": "2023-07-31T16:32:36.384Z",
      "updated_at": "2023-07-31T16:32:36.384Z"
    }
  },
  {
    "model": "project.projecttype",
    "pk": 1,
    "fields": {
      "type": "Software Development"
    }
  },
  {
    "model": "project.projecttype",
    "pk": 2,
    "fields": {
      "type": "Web Development"
    }
  },
  {
    "model": "project.projecttype",
    "pk": 3,
    "fields": {
      "type": "Technology Installation"
    }
  },
  {
    "model": "project.projecttype",
    "pk": 4,
    "fields": {
      "type": "Cloud Computing"
    }
  },
  {
    "model": "project.projecttype",
    "pk": 5,
    "fields": {
      "type": "Maintenance and Support"
    }
  },
  {
    "model": "project.projecttype",
    "pk": 6,
    "fields": {
      "type": "Communication"
    }
  },
  {
    "model": "project.projecttype",
    "pk": 7,
    "fields": {
      "type": "Education"
    }
  },
  {
    "model": "project.projecttype",
    "pk": 8,
    "fields": {
      "type": "Cybersecurity"
    }
  },
  {
    "model": "project.project",
    "pk": 1,
    "fields": {
      "project_title": "Test Project 1",
      "project_type": 1,
      "project_description": "Lorem ipsum dolor sit amet, consectetur adipiscing elit, sed do eiusmod tempor incididunt ut labore et dolore magna aliqua. Ut enim ad minim veniam, quis nostrud exercitation ullamco laboris nisi ut aliquip ex ea commodo consequat. Duis aute irure dolor in reprehenderit in voluptate velit esse cillum dolore eu fugiat nulla pariatur. Excepteur sint occaecat cupidatat non proident, sunt in culpa qui officia deserunt mollit anim id est laborum.",
      "planned_start": "2023-08-01",
      "planned_end": "2023-09-30",
      "status": "Open",
      "complexity": "Intermediate",
      "priority": "Medium",
      "created_at": "2023-07-31T17:31:53.593Z",
      "update_at": "2023-08-02T10:21:50.994Z",
      "members": [
        2,
        13,
        5,
        14
      ]
    }
  },
  {
    "model": "project.project",
    "pk": 3,
    "fields": {
      "project_title": "Test Project 3",
      "project_type": 2,
      "project_description": "Lorem ipsum dolor sit amet, consectetur adipiscing elit, sed do eiusmod tempor incididunt ut labore et dolore magna aliqua. Ut enim ad minim veniam, quis nostrud exercitation ullamco laboris nisi ut aliquip ex ea commodo consequat. Duis aute irure dolor in reprehenderit in voluptate velit esse cillum dolore eu fugiat nulla pariatur. Excepteur sint occaecat cupidatat non proident, sunt in culpa qui officia deserunt mollit anim id est laborum.",
      "planned_start": "2023-08-15",
      "planned_end": "2023-10-15",
      "status": "Open",
      "complexity": "Advanced",
      "priority": "High",
      "created_at": "2023-07-31T17:35:34.932Z",
      "update_at": "2023-08-07T14:09:00.074Z",
      "members": [
        17,
        2,
        5,
        15
      ]
    }
  },
  {
    "model": "project.project",
    "pk": 4,
    "fields": {
      "project_title": "Test Project 4",
      "project_type": 7,
      "project_description": "Lorem ipsum dolor sit amet, consectetur adipiscing elit, sed do eiusmod tempor incididunt ut labore et dolore magna aliqua. Ut enim ad minim veniam, quis nostrud exercitation ullamco laboris nisi ut aliquip ex ea commodo consequat. Duis aute irure dolor in reprehenderit in voluptate velit esse cillum dolore eu fugiat nulla pariatur. Excepteur sint occaecat cupidatat non proident, sunt in culpa qui officia deserunt mollit anim id est laborum.",
      "planned_start": "2023-08-15",
      "planned_end": "2023-09-29",
      "status": "Open",
      "complexity": "Basic",
      "priority": "Low",
      "created_at": "2023-08-01T12:40:10.565Z",
      "update_at": "2023-08-02T10:22:07.822Z",
      "members": [
        16,
        2,
        15
      ]
    }
  },
  {
    "model": "project.project",
    "pk": 5,
    "fields": {
      "project_title": "Test Project 5",
      "project_type": 1,
      "project_description": "Lorem ipsum dolor sit amet, consectetur adipiscing elit, sed do eiusmod tempor incididunt ut labore et dolore magna aliqua. Ut enim ad minim veniam, quis nostrud exercitation ullamco laboris nisi ut aliquip ex ea commodo consequat. Duis aute irure dolor in reprehenderit in voluptate velit esse cillum dolore eu fugiat nulla pariatur. Excepteur sint occaecat cupidatat non proident, sunt in culpa qui officia deserunt mollit anim id est laborum.",
      "planned_start": "2023-08-01",
      "planned_end": "2023-10-01",
      "status": "Open",
      "complexity": "Intermediate",
      "priority": "High",
      "created_at": "2023-08-01T12:41:19.881Z",
      "update_at": "2023-08-02T11:47:05.488Z",
      "members": [
        13,
        5,
        14
      ]
    }
  },
  {
    "model": "project.project",
    "pk": 6,
    "fields": {
      "project_title": "Test Project 6",
      "project_type": 1,
      "project_description": "......",
      "planned_start": "2023-08-07",
      "planned_end": "2023-09-10",
      "status": "Open",
      "complexity": "Basic",
      "priority": "Medium",
      "created_at": "2023-08-05T14:08:00.286Z",
      "update_at": "2023-08-05T14:08:00.286Z",
      "members": [
        13,
        5,
        14
      ]
    }
  },
  {
    "model": "task.task",
    "pk": 1,
    "fields": {
      "title": "Task 1",
      "related_project": 1,
      "description": "something here",
      "estimated_hours": 1,
      "status": "Done",
      "priority": "Low",
      "assigned_to": 2,
      "created_at": "2023-08-01T07:01:02.810Z",
      "updated_at": "2023-08-01T07:01:02.810Z"
    }
  },
  {
    "model": "task.task",
    "pk": 2,
    "fields": {
      "title": "Task 2",
      "related_project": 1,
      "description": "something here",
      "estimated_hours": 8,
      "status": "Done",
      "priority": "Medium",
      "assigned_to": 5,
      "created_at": "2023-08-01T07:01:33.370Z",
      "updated_at": "2023-08-01T07:01:33.370Z"
    }
  },
  {
    "model": "task.task",
    "pk": 4,
    "fields": {
      "title": "Task 3",
      "related_project": 1,
      "description": "...",
      "estimated_hours": 1,
      "status": "Open",
      "priority": "Low",
      "assigned_to": 2,
      "created_at": "2023-08-03T11:35:20.909Z",
      "updated_at": "2023-08-03T11:35:20.909Z"
    }
  },
  {
    "model": "task.task",
    "pk": 7,
    "fields": {
      "title": "ddw",
      "related_project": 1,
      "description": "fwf",
      "estimated_hours": 2,
      "status": "In Progress",
      "priority": "Low",
      "assigned_to": 13,
      "created_at": "2023-08-07T11:03:06.955Z",
      "updated_at": "2023-08-09T10:28:27.759Z"
    }
  },
  {
    "model": "task.task",
    "pk": 8,
    "fields": {
      "title": "Task 6",
      "related_project": 3,
      "description": "jsdvcs",
      "estimated_hours": 1,
      "status": "Done",
      "priority": "Medium",
      "assigned_to": 5,
      "created_at": "2023-08-07T14:06:59.941Z",
      "updated_at": "2023-08-07T14:09:00.069Z"
    }
  },
  {
    "model": "requestmanagement.requesttype",
    "pk": 1,
    "fields": {
      "type": "Time Off"
    }
  },
  {
    "model": "requestmanagement.requesttype",
    "pk": 2,
    "fields": {
      "type": "Training and Development"
    }
  },
  {
    "model": "requestmanagement.requesttype",
    "pk": 3,
    "fields": {
      "type": "Equipment and Resources"
    }
  },
  {
    "model": "requestmanagement.requesttype",
    "pk": 4,
    "fields": {
      "type": "Accommodation"
    }
  },
  {
    "model": "requestmanagement.requesttype",
    "pk": 5,
    "fields": {
      "type": "Leave of Absence"
    }
  },
  {
    "model": "requestmanagement.requesttype",
    "pk": 6,
    "fields": {
      "type": "Complaints or Grievance"
    }
  },
  {
    "model": "requestmanagement.requesttype",
    "pk": 7,
    "fields": {
      "type": "Wellness and Health-related"
    }
  },
  {
    "model": "requestmanagement.requestmanagement",
    "pk": 1,
    "fields": {
      "requester": 13,
      "type": 1,
      "start_date": "2023-08-28",
      "end_date": "2023-09-01",
      "details": "need a vacation",
      "status": "Approved",
      "comments": "ok, no problem",
      "manager": 2,
      "created_at": "2023-08-14T15:38:03.975Z",
      "updated_at": "2023-08-14T15:38:42.582Z"
    }
  }
]
